,city,Cloudiness,Country,Date,Humidity,Latitude,Longitude,Max Temp,Wind Speed
0,albany,75,US,1582990460,53,42.6,-73.97,28.99,13.87
1,varzelandia,97,BR,1582990479,70,-15.7,-44.03,80.83,6.98
2,pisco,75,PE,1582990534,30,-13.7,-76.22,71.6,4.7
3,kodiak,90,US,1582990534,79,57.79,-152.41,21.2,5.82
4,bathsheba,75,BB,1582990534,61,13.22,-59.52,80.6,14.99
5,carnarvon,0,AU,1582990535,78,-24.87,113.63,77.0,18.34
6,batemans bay,51,AU,1582990535,93,-35.72,150.18,64.99,2.48
7,pangnirtung,75,CA,1582990535,67,66.15,-65.71,-22.0,2.24
8,marawi,96,PH,1582990535,84,8.0,124.29,75.99,4.0
9,talnakh,80,RU,1582990535,91,69.49,88.4,-0.4,8.95
10,hilo,40,US,1582990535,60,19.73,-155.09,72.0,8.05
11,abonnema,75,NG,1582990536,47,4.71,6.79,98.6,11.41
12,sibolga,5,ID,1582990536,93,1.74,98.78,73.87,2.57
13,parit buntar,20,MY,1582990536,66,5.13,100.49,86.0,4.7
14,rikitea,100,PF,1582990536,81,-23.12,-134.97,79.43,14.0
15,qaanaaq,98,GL,1582990536,79,77.48,-69.36,-23.66,5.7
16,rodrigues alves,75,BR,1582990537,79,-7.74,-72.65,84.2,2.24
17,yellowknife,90,CA,1582990284,76,62.46,-114.35,-4.0,9.17
18,luderitz,75,NA,1582990537,77,-26.65,15.16,69.8,12.75
19,hovd,100,MN,1582990537,67,48.01,91.64,17.33,1.83
20,mahebourg,75,MU,1582990537,100,-20.41,57.7,79.0,3.36
21,aswan,0,EG,1582990537,14,24.09,32.91,82.4,11.41
22,kapaa,40,US,1582990537,68,22.08,-159.32,71.6,23.04
23,evensk,35,RU,1582990538,74,61.95,159.23,4.55,13.47
24,siderno,40,IT,1582990538,67,38.28,16.3,60.8,9.17
25,lasa,75,IT,1582990538,88,46.62,10.7,53.6,10.29
26,portland,75,US,1582990241,81,45.52,-122.68,42.8,6.93
27,hobart,0,AU,1582990242,93,-42.88,147.33,55.4,4.7
28,torbay,75,CA,1582990513,80,47.67,-52.73,35.01,8.05
29,merauke,100,ID,1582990539,83,-8.47,140.33,79.57,0.89
30,bluff,12,NZ,1582990539,86,-46.6,168.33,48.0,3.0
31,disraeli,75,CA,1582990539,72,45.9,-71.35,12.99,8.05
32,butaritari,100,KI,1582990539,81,3.07,172.79,83.91,19.19
33,westport,20,US,1582990442,34,41.14,-73.36,36.0,14.99
34,black river,90,JM,1582990539,83,18.03,-77.85,75.2,25.28
35,parakou,0,BJ,1582990540,10,9.34,2.63,108.46,2.66
36,ushuaia,75,AR,1582990540,71,-54.8,-68.3,57.2,5.82
37,angoche,100,MZ,1582990540,92,-16.23,39.91,78.06,7.56
38,la ronge,90,CA,1582990540,92,55.1,-105.28,21.2,6.93
39,zhengjiatun,99,CN,1582990540,70,43.51,123.51,26.13,5.59
40,aljezur,86,PT,1582990540,99,37.32,-8.8,61.0,8.01
41,dikson,100,RU,1582990540,96,73.51,80.55,10.6,14.32
42,bairiki,93,KI,1582990541,80,1.33,172.98,84.07,18.3
43,grindavik,100,IS,1582990541,72,63.84,-22.43,33.8,14.99
44,puerto ayora,20,EC,1582990541,69,-0.74,-90.35,82.4,16.11
45,luangwa,27,ZM,1582990541,69,-15.62,30.42,83.25,5.08
46,atuona,98,PF,1582990541,81,-9.8,-139.03,81.23,14.58
47,chuy,0,UY,1582990541,42,-33.7,-53.46,84.06,3.13
48,saldanha,0,ZA,1582990380,16,-33.01,17.94,93.2,17.22
49,sakaiminato,90,JP,1582990541,100,35.55,133.23,42.8,3.36
50,geraldton,40,AU,1582990542,78,-28.77,114.6,73.4,10.29
51,buchanan,100,LR,1582990542,65,5.88,-10.05,88.0,10.13
52,cape town,0,ZA,1582990542,44,-33.93,18.42,88.0,14.99
53,tuktoyaktuk,40,CA,1582990542,74,69.45,-133.04,-27.4,5.82
54,longyearbyen,20,SJ,1582990542,76,78.22,15.64,-5.8,3.36
55,beringovskiy,0,RU,1582990542,82,63.05,179.32,-7.24,14.58
56,auki,47,SB,1582990542,74,-8.77,160.7,84.25,4.81
57,busselton,7,AU,1582990256,50,-33.65,115.33,70.0,15.68
58,adrar,0,MR,1582990543,4,20.5,-10.07,89.74,11.99
59,luanda,75,AO,1582990543,74,-8.84,13.23,82.4,6.93
60,kruisfontein,11,ZA,1582989944,66,-34.0,24.73,69.1,23.42
61,jamestown,90,US,1582990543,78,42.1,-79.24,21.99,9.17
62,katsuura,75,JP,1582990543,93,35.13,140.3,50.0,11.41
63,mataura,33,NZ,1582990543,86,-46.19,168.86,48.0,3.0
64,kavieng,7,PG,1582990544,68,-2.57,150.8,85.33,0.45
65,severo-kurilsk,91,RU,1582990544,93,50.68,156.12,18.12,5.86
66,maceio,75,BR,1582990361,66,-9.67,-35.74,86.0,13.87
67,mabaruma,89,GY,1582990544,73,8.2,-59.78,81.12,5.99
68,yarmouth,1,US,1582990544,29,41.71,-70.23,37.99,13.87
69,bethel,40,US,1582990544,42,41.37,-73.41,35.01,9.17
70,benguela,1,AO,1582990545,62,-12.58,13.41,87.8,13.87
71,tasiilaq,75,GL,1582990545,67,65.61,-37.64,19.4,8.05
72,hornepayne,31,CA,1582990545,79,49.21,-84.77,4.03,5.08
73,richards bay,99,ZA,1582990545,61,-28.78,32.04,73.08,13.65
74,welzheim,100,DE,1582990545,41,48.88,9.63,60.01,6.93
75,chokurdakh,72,RU,1582990545,88,70.63,147.92,-1.34,7.72
76,bredasdorp,0,ZA,1582990546,43,-34.53,20.04,75.0,26.4
77,oktyabrskiy,100,RU,1582990546,90,54.48,53.47,31.71,8.32
78,khatanga,96,RU,1582990546,92,71.97,102.5,-2.24,12.84
79,faanui,100,PF,1582990546,80,-16.48,-151.75,80.67,12.24
80,dong hoi,38,VN,1582990546,95,17.48,106.6,69.69,5.12
81,east london,75,ZA,1582990546,73,-33.02,27.91,69.8,13.87
82,kurush,40,RU,1582990546,57,41.28,47.83,50.0,12.75
83,caravelas,74,BR,1582990547,71,-17.71,-39.25,81.1,3.09
84,tiksi,1,RU,1582990547,84,71.69,128.87,-4.16,7.27
85,barrow,90,US,1582990547,76,71.29,-156.79,-5.8,13.87
86,muzaffarabad,100,PK,1582990254,70,34.37,73.47,42.73,5.97
87,castro,32,BR,1582990325,47,-24.79,-50.01,75.85,4.61
88,maroantsetra,7,MG,1582990547,94,-15.43,49.73,73.67,2.8
89,narsaq,5,GL,1582990547,42,60.92,-46.05,6.8,3.36
90,mar del plata,0,AR,1582990411,60,-38.0,-57.56,75.2,10.29
91,fondi,95,IT,1582990548,47,41.35,13.43,59.0,10.29
92,punta arenas,75,CL,1582990458,63,-53.15,-70.92,64.4,31.09
93,goure,100,NE,1582990548,13,13.98,10.27,91.0,4.0
94,yaypan,0,UZ,1582990548,44,40.38,70.82,55.06,4.12
95,ancud,0,CL,1582990548,68,-41.87,-73.82,68.0,14.99
96,kotturu,42,IN,1582990548,40,14.82,76.22,80.44,9.75
97,cherskiy,100,RU,1582990548,96,68.75,161.3,0.28,5.84
98,oshikango,75,NA,1582990549,61,-17.4,15.88,78.8,5.82
99,lagunas,92,PE,1582990549,85,-5.23,-75.68,79.41,1.86
100,nikolskoye,40,RU,1582990549,54,59.7,30.79,30.2,13.42
101,vaini,20,TO,1582990549,100,-21.2,-175.2,77.0,4.7
102,himaya,21,PH,1582990549,78,10.45,122.83,73.51,5.59
103,trat,29,TH,1582990549,63,12.5,102.5,84.0,0.96
104,hermanus,0,ZA,1582990549,51,-34.42,19.23,88.0,18.01
105,socota,85,CO,1582990550,64,6.04,-72.64,57.38,5.08
106,klaksvik,100,FO,1582990550,82,62.23,-6.59,37.4,43.62
107,kariba,21,ZW,1582990550,78,-16.52,28.8,79.74,0.89
108,leh,91,IN,1582990550,54,34.17,77.58,7.3,3.24
109,georgetown,20,MY,1582990550,74,5.41,100.34,86.0,6.93
110,veraval,0,IN,1582990550,85,20.9,70.37,68.56,7.94
111,kansanshi,100,ZM,1582990550,92,-12.1,26.43,71.69,5.1
112,at-bashi,15,KG,1582990551,85,41.17,75.81,10.06,11.32
113,port alfred,77,ZA,1582990551,85,-33.59,26.89,69.01,3.0
114,ilhabela,100,BR,1582990551,89,-23.78,-45.36,74.35,13.85
115,benavente,20,ES,1582990551,57,42.0,-5.68,57.0,18.34
116,kaitangata,0,NZ,1582990551,74,-46.28,169.85,53.01,1.01
117,tomatlan,0,MX,1582990551,48,19.93,-105.25,77.05,2.06
118,cabo san lucas,5,MX,1582990551,45,22.89,-109.91,69.01,3.36
119,broken hill,25,AU,1582990551,28,-31.95,141.43,71.6,3.36
120,tilichiki,0,RU,1582990552,86,60.47,166.1,-9.26,9.46
121,boa vista,20,BR,1582990386,43,2.82,-60.67,89.6,17.22
122,bilibino,100,RU,1582990552,100,68.05,166.44,-7.6,1.61
123,vostok,100,RU,1582990552,96,46.49,135.88,13.86,2.3
124,dolinsk,0,RU,1582990552,91,47.35,142.8,3.2,2.24
125,impfondo,96,CG,1582990552,35,1.64,18.07,93.4,1.79
126,vodnyy,100,RU,1582990553,98,63.5,53.41,30.43,4.81
127,fort nelson,75,CA,1582990553,77,58.81,-122.7,1.4,8.05
128,fortuna,40,US,1582990553,100,40.6,-124.16,41.0,5.82
129,leningradskiy,100,RU,1582990553,97,69.38,178.42,-1.28,11.86
130,micheweni,100,TZ,1582990553,72,-4.97,39.83,86.36,11.3
131,ambon,100,ID,1582990553,81,-3.7,128.18,82.76,7.92
132,nawa,0,IN,1582990553,24,27.02,75.0,75.65,10.58
133,yashkul,83,RU,1582990553,47,46.17,45.34,43.57,6.71
134,san roque,20,ES,1582990554,63,36.21,-5.38,71.6,23.04
135,hambantota,40,LK,1582990554,83,6.12,81.12,80.6,6.93
136,santiago de chuco,81,PE,1582990554,69,-8.15,-78.18,54.21,4.76
137,saint-philippe,75,RE,1582990554,78,-21.36,55.77,82.4,13.87
138,arraial do cabo,75,BR,1582990554,83,-22.97,-42.03,77.0,4.7
139,nanortalik,0,GL,1582990554,59,60.14,-45.24,16.38,12.82
140,terra nova,75,BR,1582990554,55,-12.37,-40.67,86.0,3.36
141,victoria,0,HK,1582990356,83,22.29,114.16,75.0,4.7
142,hithadhoo,100,MV,1582990555,79,-0.6,73.08,83.16,13.85
143,topchanchi,1,IN,1582990555,37,23.9,86.2,75.38,0.51
144,thompson,90,CA,1582990555,92,55.74,-97.86,21.2,3.36
145,komsomolskiy,0,UZ,1582990555,75,40.43,71.72,46.4,3.6
146,ola,0,RU,1582990555,74,59.58,151.28,2.5,7.34
147,fairbanks,1,US,1582990463,73,64.84,-147.72,-9.99,2.93
148,san patricio,5,MX,1582990555,78,19.22,-104.7,73.4,1.81
149,kalemie,70,CD,1582990555,92,-5.95,29.19,73.33,3.65
150,umm lajj,0,SA,1582990556,43,25.02,37.27,71.33,10.89
151,pacific grove,90,US,1582990441,81,36.62,-121.92,54.0,5.82
152,selfoss,90,IS,1582990556,69,63.93,-21.0,37.4,4.7
153,nicoya,20,CR,1582990556,55,10.15,-85.45,86.0,28.86
154,eyl,1,SO,1582990556,74,7.98,49.82,78.06,20.56
155,channel-port aux basques,100,CA,1582990556,63,47.57,-59.14,28.09,6.71
156,bobo dioulasso,0,BF,1582990557,27,11.18,-4.3,98.6,5.82
157,abalak,100,RU,1582990557,84,58.13,68.59,31.51,12.95
158,mae hong son,0,TH,1582990557,36,19.3,97.97,66.81,2.57
159,venice,1,US,1582990339,42,27.1,-82.45,64.0,13.87
160,mpika,100,ZM,1582990557,88,-11.83,31.45,69.85,4.79
161,provideniya,0,RU,1582990557,82,64.38,-173.3,-6.52,9.24
162,port hardy,75,CA,1582990558,93,50.7,-127.42,35.6,6.93
163,nuuk,20,GL,1582990558,60,64.18,-51.72,6.8,16.11
164,upernavik,60,GL,1582990558,82,72.79,-56.15,-22.02,4.05
165,mangrol,0,IN,1582990558,70,21.12,70.12,77.27,13.96
166,saskylakh,100,RU,1582990558,87,71.92,114.08,-4.36,3.76
167,celestun,3,MX,1582990558,64,20.87,-90.4,70.27,16.53
168,teguldet,9,RU,1582990559,92,57.31,88.17,15.17,4.7
169,kieta,45,PG,1582990559,77,-6.22,155.63,81.88,3.89
170,nyanza,91,RW,1582990559,73,-2.35,29.75,73.0,3.47
171,ugoofaaru,51,MV,1582990559,76,5.67,73.0,82.29,15.39
172,isangel,90,VU,1582990559,94,-19.55,169.27,80.6,13.47
173,ambunti,100,PG,1582990559,97,-4.24,142.84,75.61,1.43
174,goundam,0,ML,1582990559,2,16.41,-3.67,94.78,9.64
175,bundaberg,8,AU,1582990560,88,-24.85,152.35,73.0,8.05
176,lebu,0,CL,1582990560,26,-37.62,-73.65,82.2,4.43
177,letterkenny,75,IE,1582990560,70,54.95,-7.73,44.6,28.86
178,katav-ivanovsk,95,RU,1582990560,93,54.75,58.2,29.35,11.79
179,huambo,20,AO,1582990560,34,-12.78,15.74,82.4,6.93
180,abu zabad,0,SD,1582990560,6,12.35,29.25,91.9,15.26
181,sur,0,OM,1582990380,60,22.57,59.53,71.13,4.68
182,togur,0,RU,1582990561,92,58.36,82.83,11.64,1.7
183,pontal do parana,90,BR,1582990561,64,-25.65,-48.51,78.01,9.17
184,lompoc,90,US,1582990472,76,34.64,-120.46,57.0,8.19
185,norman wells,5,CA,1582990561,65,65.28,-126.83,-36.4,6.93
186,northam,40,GB,1582990561,86,51.03,-4.22,45.0,21.92
187,tuatapere,54,NZ,1582990561,86,-46.13,167.68,48.0,3.0
188,saint-augustin,100,CA,1582990561,87,51.23,-58.65,24.39,7.85
189,masumbwe,29,TZ,1582990562,73,-3.63,32.18,76.8,2.48
190,bambous virieux,75,MU,1582990562,100,-20.34,57.76,79.0,3.36
191,kitgum,100,UG,1582990562,26,3.28,32.89,89.38,3.04
192,ayagoz,0,KZ,1582990562,73,47.97,80.44,19.0,13.96
193,urusha,36,RU,1582990562,97,54.05,122.9,2.48,0.96
194,kaeo,48,NZ,1582990562,100,-35.1,173.78,64.0,8.05
195,ambilobe,100,MG,1582990562,87,-13.2,49.05,80.08,1.7
196,ponta do sol,20,PT,1582990562,72,32.67,-17.1,69.01,5.82
197,avarua,13,CK,1582990563,94,-21.21,-159.78,77.0,3.36
198,podyuga,95,RU,1582990563,94,61.09,40.86,18.59,7.49
199,cancun,20,MX,1582990530,56,21.17,-86.85,71.6,16.11
200,zhoucheng,13,CN,1582990563,82,35.91,116.31,43.7,3.96
201,port-gentil,20,GA,1582990563,83,-0.72,8.78,84.2,9.17
202,vestmannaeyjar,40,IS,1582990564,93,63.44,-20.27,37.4,17.22
203,beaune,100,FR,1582990564,87,47.08,4.75,53.6,16.11
204,nantucket,75,US,1582990564,47,41.28,-70.1,39.0,14.99
205,husavik,75,IS,1582990564,92,66.04,-17.34,26.6,4.7
206,sorong,92,ID,1582990564,98,-0.88,131.25,74.8,1.83
207,kismayo,0,SO,1582990565,80,-0.36,42.55,82.11,17.56
208,nyurba,88,RU,1582990565,99,63.28,118.33,-0.38,1.48
209,upata,48,VE,1582990565,56,8.01,-62.4,82.6,8.99
210,nome,20,US,1582990565,83,64.5,-165.41,-5.01,6.93
211,new norfolk,1,AU,1582990565,93,-42.78,147.06,55.4,4.7
212,iracoubo,86,GF,1582990565,76,5.48,-53.2,79.02,14.23
213,weligama,100,LK,1582990565,77,5.97,80.42,78.13,2.77
214,guerrero negro,100,MX,1582990565,55,27.98,-114.06,63.12,9.01
215,luganville,40,VU,1582990566,100,-15.53,167.17,77.0,3.36
216,cabinda,75,AO,1582990566,83,-5.55,12.2,80.6,5.82
217,quatre cocos,75,MU,1582990566,100,-20.21,57.76,79.0,3.36
218,vilyuysk,91,RU,1582990566,98,63.76,121.62,-1.21,5.37
219,hualmay,100,PE,1582990566,64,-11.1,-77.61,78.48,7.36
220,mount gambier,75,AU,1582990566,100,-37.83,140.77,55.4,8.05
221,ahuimanu,40,US,1582990566,80,21.44,-157.84,71.6,20.8
222,hami,0,CN,1582990566,43,42.8,93.45,34.92,4.0
223,vagur,100,FO,1582990567,92,61.47,-6.81,38.59,55.97
224,bengkulu,100,ID,1582990567,92,-3.8,102.27,76.3,3.0
225,aksu,49,CN,1582990411,52,41.12,80.26,45.5,4.12
226,yenangyaung,0,MM,1582990567,34,20.47,94.88,75.43,5.99
227,kavaratti,100,IN,1582990567,70,10.57,72.64,83.68,7.18
228,constitucion,0,CL,1582990567,47,-35.33,-72.42,73.18,5.64
229,hasaki,75,JP,1582990567,100,35.73,140.83,46.4,8.05
230,araouane,0,ML,1582990567,3,18.9,-3.53,92.79,10.36
231,carmarthen,80,GB,1582990568,70,51.86,-4.31,48.0,44.96
232,ust-tsilma,100,RU,1582990568,97,65.44,52.15,25.48,3.0
233,bentiu,100,SS,1582990568,8,9.23,29.83,102.47,4.85
234,bay roberts,75,CA,1582990568,80,47.6,-53.26,35.01,8.05
235,vitim,74,RU,1582990568,92,59.45,112.56,6.6,2.28
236,namatanai,26,PG,1582990568,78,-3.67,152.43,82.74,5.14
237,motygino,96,RU,1582990569,96,58.18,94.76,13.91,5.28
238,burnie,2,AU,1582990569,89,-41.07,145.92,50.0,4.0
239,riwaka,1,NZ,1582990569,76,-41.08,173.0,59.0,1.99
240,avera,1,US,1582990569,49,33.19,-82.53,51.01,20.8
241,kindu,49,CD,1582990569,46,-2.95,25.95,92.05,2.06
242,neu wulmstorf,100,DE,1582990569,62,53.47,9.8,57.0,13.87
243,vila franca do campo,40,PT,1582990570,82,37.72,-25.43,64.4,18.34
244,cristalina,100,BR,1582990570,97,-16.77,-47.61,68.25,6.02
245,baghdad,0,IQ,1582990384,46,33.34,44.4,69.8,9.17
246,jardim,0,BR,1582990570,46,-21.48,-56.14,86.92,4.79
247,lake havasu city,1,US,1582990480,46,34.48,-114.32,51.8,3.2
248,lorca,0,ES,1582990570,25,37.67,-1.7,78.01,6.93
249,mana,84,GF,1582990570,58,5.66,-53.78,84.61,6.76
250,todos santos,5,MX,1582990570,45,23.45,-110.22,73.0,1.68
251,tazmalt,69,DZ,1582990571,68,36.39,4.4,64.4,13.87
252,porto santo,20,PT,1582990571,68,33.07,-16.34,68.0,14.99
253,chudovo,0,RU,1582990571,71,59.12,31.68,27.46,6.2
254,ilulissat,20,GL,1582990571,36,69.22,-51.1,-5.8,1.12
255,theog,66,IN,1582990571,77,31.12,77.35,42.06,3.18
256,sitka,90,US,1582990571,67,57.05,-135.33,35.6,4.7
257,kishanganj,20,IN,1582990572,36,26.12,87.93,74.73,4.94
258,beidao,100,CN,1582990572,43,34.57,105.89,44.02,2.44
259,shellbrook,90,CA,1582990572,68,53.22,-106.4,30.2,12.75
260,pijijiapan,0,MX,1582990572,36,15.7,-93.23,82.42,7.7
261,lanzhou,100,CN,1582990572,40,36.06,103.79,33.8,11.18
262,wuwei,100,CN,1582990572,87,37.93,102.64,29.19,2.08
263,hofn,100,IS,1582990572,69,64.25,-15.21,41.54,37.42
264,zaraza,35,VE,1582990573,44,9.35,-65.32,88.5,7.45
265,north bay,40,CA,1582990495,77,46.32,-79.47,8.01,9.17
266,mahibadhoo,100,MV,1582990573,79,3.78,72.97,82.22,17.02
267,lagoa,100,PT,1582990573,87,39.05,-27.98,62.74,23.2
268,dubuque,1,US,1582990573,73,42.48,-90.87,25.0,5.82
269,madang,100,PG,1582990573,80,-5.22,145.8,82.99,11.43
270,emerald,0,AU,1582990573,83,-23.53,148.17,77.0,8.05
271,nazarovo,63,RU,1582990573,92,56.01,90.39,15.44,4.65
272,chabahar,0,IR,1582990574,53,25.29,60.64,73.13,9.1
273,benicarlo,67,ES,1582990574,63,40.42,0.43,68.0,8.01
274,beloha,75,MG,1582990574,72,-25.17,45.05,76.6,16.46
275,grootfontein,100,NA,1582990574,86,-19.57,18.12,69.19,12.71
276,solano,1,US,1582990574,81,38.23,-121.95,51.8,4.7
277,salalah,0,OM,1582990567,65,17.02,54.09,78.8,4.7
278,pokhara,97,NP,1582990331,71,28.23,83.98,60.15,2.33
279,oranjemund,0,NA,1582990574,39,-28.55,16.43,81.9,19.51
280,yutsa,90,RU,1582990575,60,43.96,43.01,42.8,11.18
281,khem karan,40,IN,1582990575,68,31.14,74.57,64.4,11.41
282,pampa,1,US,1582990575,34,35.54,-100.96,55.99,14.99
283,tarakan,100,ID,1582990575,84,3.3,117.63,81.09,10.09
284,mwense,46,ZM,1582990445,74,-10.38,28.7,80.65,3.69
285,vila velha,40,BR,1582990381,83,-20.33,-40.29,81.0,12.75
286,golden,1,US,1582990575,55,39.76,-105.22,44.6,4.5
287,mazagao,75,BR,1582990576,79,-0.12,-51.29,84.2,6.93
288,sibu,75,MY,1582990408,94,2.3,111.82,78.8,1.81
289,kagadi,100,UG,1582990576,64,0.96,30.8,74.55,1.99
290,ribeira grande,75,PT,1582990576,82,38.52,-28.7,66.2,19.46
291,namibe,75,AO,1582990576,62,-15.2,12.15,84.2,14.99
292,kabo,92,CF,1582990576,7,7.7,18.63,105.55,5.73
293,kloulklubed,75,PW,1582990576,83,7.04,134.26,80.6,8.05
294,port lincoln,24,AU,1582990577,73,-34.73,135.87,65.86,3.62
295,tateyama,75,JP,1582990577,93,34.98,139.87,50.0,11.41
296,champerico,20,GT,1582990577,74,14.3,-91.92,82.4,6.93
297,teya,94,RU,1582990577,94,60.38,92.63,11.73,5.41
298,pergamino,3,AR,1582990577,41,-33.89,-60.57,91.0,3.0
299,samarinda,90,ID,1582990577,91,-0.5,117.15,76.93,2.62
300,robe,76,AU,1582990578,84,-37.18,139.75,56.89,3.18
301,salinas,75,US,1582990578,93,36.68,-121.66,54.0,4.7
302,sisimiut,0,GL,1582990578,81,66.94,-53.67,-9.65,4.76
303,hastings,40,GB,1582990578,65,50.86,0.57,46.99,39.15
304,gimli,76,CA,1582990578,99,50.63,-96.99,25.0,7.0
305,oistins,75,BB,1582990578,61,13.07,-59.53,80.6,14.99
306,deputatskiy,11,RU,1582990578,63,69.3,139.9,-1.12,3.18
307,cairns,0,AU,1582990579,83,-16.92,145.77,80.6,3.36
308,souillac,75,MU,1582990579,100,-20.52,57.52,79.0,3.36
309,laguna,1,US,1582990579,81,38.42,-121.42,51.8,4.7
310,magadan,0,RU,1582990426,72,59.57,150.8,5.5,10.4
311,novaya bryan,20,RU,1582990579,84,51.72,108.27,1.4,5.03
312,russell,1,US,1582990579,53,32.35,-85.2,53.01,9.17
313,pevek,100,RU,1582990579,95,69.7,170.31,6.84,7.45
314,twentynine palms,1,US,1582990324,36,34.14,-116.05,60.01,2.98
315,hamilton,1,US,1582990580,54,39.18,-84.53,28.99,8.05
316,ler,100,SS,1582990580,8,8.3,30.14,102.11,5.7
317,clyde river,20,CA,1582990580,74,70.47,-68.59,-27.4,14.99
318,sawakin,0,SD,1582990580,77,19.11,37.33,75.58,12.95
319,barcelos,75,PT,1582990580,71,41.54,-8.62,59.0,8.05
320,mutis,99,CO,1582990580,75,6.23,-77.4,81.23,10.83
321,cessnock,66,AU,1582990580,88,-32.83,151.35,71.01,4.7
322,alofi,1,NU,1582990581,100,-19.06,-169.92,73.4,3.36
323,coaldale,40,CA,1582990581,37,49.72,-112.62,37.4,29.97
324,yulara,6,AU,1582990581,17,-25.24,130.99,84.2,9.17
325,nakhon phanom,0,TH,1582990581,59,17.41,104.78,77.0,2.42
326,mombasa,100,KE,1582990581,71,-4.05,39.66,84.79,8.68
327,roald,100,NO,1582990581,64,62.58,6.13,37.0,31.09
328,chimbote,61,PE,1582990576,60,-9.09,-78.58,81.82,7.99
329,farmington,1,US,1582990581,58,36.73,-108.22,39.99,9.17
330,sakakah,0,SA,1582990582,18,29.97,40.21,71.6,14.99
331,sosnovo-ozerskoye,93,RU,1582990582,96,52.52,111.54,4.6,6.64
332,lishu,83,CN,1582990582,73,43.3,124.33,25.74,5.61
333,manzanillo,100,CU,1582990582,60,20.34,-77.12,72.01,10.76
334,cidreira,0,BR,1582990582,76,-30.18,-50.21,71.76,9.95
335,havoysund,90,NO,1582990582,79,71.0,24.66,28.4,27.51
336,mayo,1,US,1582990582,40,38.89,-76.51,37.0,17.22
337,inongo,100,CD,1582990582,66,-1.95,18.27,83.08,4.9
338,kelo,0,TD,1582990583,8,9.31,15.81,106.93,7.14
339,kabare,100,CD,1582990583,90,-2.47,28.82,68.54,1.99
340,kaifeng,75,CN,1582990583,87,34.79,114.35,44.6,2.24
341,chapais,90,CA,1582990361,85,49.78,-74.85,10.4,5.82
342,malpe,20,IN,1582990583,62,13.35,74.72,84.2,4.83
343,mingoyo,75,TZ,1582990583,70,-10.1,39.63,87.8,9.17
344,gonbad-e qabus,20,IR,1582990584,71,37.25,55.17,55.4,2.91
345,los llanos de aridane,20,ES,1582990584,64,28.66,-17.92,69.8,9.17
346,necochea,0,AR,1582990584,56,-38.55,-58.74,80.01,4.0
347,jiangkou,90,CN,1582990584,100,25.49,119.2,57.2,11.18
348,zhezkazgan,100,KZ,1582990585,87,47.8,67.71,21.87,9.86
349,myaundzha,0,RU,1582990585,80,63.05,147.19,-12.66,3.78
350,meulaboh,0,ID,1582990585,71,4.14,96.13,84.7,5.14
351,awbari,0,LY,1582990585,17,26.59,12.78,75.81,9.44
352,banjar,40,ID,1582990585,94,-8.19,114.97,82.4,4.7
353,pemangkat,100,ID,1582990585,88,1.17,108.97,77.83,7.9
354,iqaluit,75,CA,1582990533,68,63.75,-68.51,-16.01,3.31
355,manokwari,98,ID,1582990585,84,-0.87,134.08,75.09,2.64
356,vao,100,NC,1582990586,85,-22.67,167.48,79.48,21.59
357,bunia,77,CD,1582990586,52,1.57,30.25,84.47,5.61
358,lashio,0,MM,1582990586,49,22.93,97.75,59.34,1.9
359,prieska,91,ZA,1582990445,25,-29.66,22.75,87.33,2.3
360,ibra,0,OM,1582990586,23,22.69,58.53,79.03,10.25
361,mancio lima,75,BR,1582990586,79,-7.61,-72.9,84.2,2.24
362,ponta delgada,40,PT,1582990586,82,37.73,-25.67,64.4,18.34
363,longyan,3,CN,1582990587,85,25.11,117.02,60.96,2.89
364,vaitape,100,PF,1582990587,80,-16.52,-151.75,80.67,12.24
365,camocim,75,BR,1582990587,94,-2.9,-40.84,82.4,3.36
366,semnan,0,IR,1582990448,51,35.57,53.4,53.87,1.83
367,yei,100,SS,1582990587,35,4.09,30.68,86.5,2.28
368,loubomo,100,CG,1582990587,91,-4.2,12.67,74.7,3.62
369,belmonte,40,BR,1582990587,70,-15.86,-38.88,87.8,9.17
370,kharp,100,RU,1582990588,96,66.8,65.81,9.66,5.12
371,colac,74,AU,1582990588,99,-38.33,143.58,61.0,1.61
372,turayf,40,SA,1582990588,51,31.67,38.66,62.6,9.17
373,nemuro,0,JP,1582990588,68,43.32,145.57,24.64,6.96
374,puerto baquerizo moreno,75,EC,1582990588,78,-0.9,-89.6,82.4,13.87
375,urumqi,93,CN,1582990588,80,43.8,87.6,30.2,2.24
376,pontianak,75,ID,1582990588,88,-0.03,109.33,80.6,5.82
377,lavrentiya,30,RU,1582990589,89,65.58,-171.0,-11.36,5.08
378,faya,0,SA,1582990589,45,18.39,42.45,68.0,17.22
379,airai,100,TL,1582990589,90,-8.93,125.41,68.43,5.23
380,vetlanda,100,SE,1582990505,100,57.43,15.08,34.0,8.05
381,lorengau,69,PG,1582990589,76,-2.02,147.27,84.9,6.49
382,alyangula,100,AU,1582990589,100,-13.85,136.42,78.8,3.36
383,nabire,100,ID,1582990590,99,-3.37,135.48,73.69,1.63
384,zeya,43,RU,1582990590,99,53.75,127.27,1.33,1.79
385,mercedes,58,AR,1582990590,51,-34.65,-59.43,90.0,4.0
386,port elizabeth,20,ZA,1582990590,68,-33.92,25.57,69.8,17.22
387,kanigoro,100,ID,1582990590,95,-8.13,112.22,75.9,4.68
388,le vauclin,75,MQ,1582990590,74,14.55,-60.84,82.4,19.46
389,homer,1,US,1582990590,56,59.64,-151.55,17.01,5.82
390,oloron-sainte-marie,90,FR,1582990590,93,43.19,-0.61,53.6,11.41
391,padang,100,ID,1582990591,94,-0.95,100.35,70.05,4.27
392,qiongshan,0,CN,1582990591,94,20.01,110.35,71.6,2.24
393,marsabit,5,KE,1582990591,34,2.33,37.99,90.27,11.77
394,noumea,100,NC,1582990591,65,-22.28,166.46,82.4,8.05
395,gandorhun,45,SL,1582990591,40,7.5,-11.83,95.34,8.5
396,khandyga,0,RU,1582990591,91,62.67,135.6,-11.38,0.76
397,port blair,0,IN,1582990591,70,11.67,92.75,81.39,9.95
398,san miguel,0,SV,1582990592,25,13.48,-88.18,86.0,9.17
399,badou,99,TG,1582990592,28,7.58,0.6,99.57,9.33
400,san antonio,1,US,1582990368,41,29.42,-98.49,60.01,4.7
401,kaduqli,0,SD,1582990592,8,11.02,29.72,100.26,8.97
402,kathu,20,TH,1582990592,78,7.92,98.33,78.8,1.12
403,asyut,0,EG,1582990592,42,27.18,31.18,68.0,16.11
404,maldonado,20,UY,1582990592,54,-34.67,-54.92,80.6,6.93
405,kampot,20,KH,1582990592,83,10.62,104.18,80.6,1.12
406,kennett,1,US,1582990592,77,36.24,-90.06,41.0,8.05
407,alekseyevsk,100,RU,1582990593,97,57.84,108.35,16.83,4.34
408,puerto escondido,5,MX,1582990593,65,15.85,-97.07,82.4,3.98
409,pailon,40,BO,1582990593,38,-17.65,-62.75,87.8,11.41
410,los zacatones,5,MX,1582990593,57,22.95,-102.05,48.2,11.97
411,karasburg,29,NA,1582990593,15,-28.02,18.75,94.95,6.31
412,itoman,40,JP,1582990593,88,26.12,127.67,71.6,10.29
413,constantine,81,DZ,1582990593,22,36.37,6.61,75.2,13.87
414,port keats,100,AU,1582990594,84,-14.25,129.55,80.83,5.21
415,gamba,100,GA,1582990594,73,-2.65,10.0,81.52,7.83
416,adre,13,TD,1582990594,10,13.47,22.2,94.05,6.85
417,mafinga,100,TZ,1582990594,90,-7.25,35.07,70.61,1.52
418,iberia,1,US,1582990594,71,29.95,-91.75,64.0,5.82
419,cabanas,40,CU,1582990594,52,22.98,-82.92,69.8,14.99
420,trincomalee,27,LK,1582990594,86,8.57,81.23,72.63,2.73
421,ashland,75,US,1582990595,53,40.82,-82.27,27.0,13.87
422,burns lake,91,CA,1582990465,96,54.23,-125.75,14.59,3.06
423,piranhas,98,BR,1582990595,89,-16.43,-51.82,75.99,1.01
424,labuhan,100,ID,1582990595,94,-6.88,112.21,77.04,4.85
425,vossevangen,100,NO,1582990595,68,60.62,6.42,37.0,8.01
426,banikoara,15,BJ,1582990595,7,11.3,2.44,106.99,2.55
427,kahului,40,US,1582990595,73,20.89,-156.47,69.8,9.17
428,bowen,40,AU,1582990596,88,-20.02,148.23,79.0,5.82
429,baijiantan,0,CN,1582990596,83,45.63,85.18,28.56,2.89
430,sao joao evangelista,100,BR,1582990596,89,-18.55,-42.76,72.07,5.28
431,thunder bay,75,CA,1582990317,46,48.4,-89.32,25.0,2.24
432,tabas,0,IR,1582990596,27,33.6,56.92,64.4,2.24
433,goderich,100,CA,1582990547,39,43.75,-81.72,28.0,1.01
434,camapua,6,BR,1582990597,68,-19.53,-54.04,81.95,6.78
435,raga,47,SS,1582990597,9,8.46,25.68,100.27,6.64
436,marathon,1,US,1582990597,55,44.9,-89.77,18.0,5.86
437,macapa,75,BR,1582990351,79,0.04,-51.07,84.2,6.93
438,asau,20,RO,1582990597,49,46.43,26.4,48.0,14.99
439,ndele,49,CF,1582990597,8,8.41,20.65,104.07,5.55
440,glencoe,94,ZA,1582990597,66,-28.18,30.15,62.92,3.89
441,sao filipe,0,CV,1582990598,51,14.9,-24.5,76.77,20.8
442,puksoozero,100,RU,1582990598,94,62.59,40.61,17.98,9.26
443,port hedland,50,AU,1582990598,79,-20.32,118.57,87.8,11.41
444,antofagasta,85,CL,1582990385,68,-23.65,-70.4,72.0,9.17
445,pullman,1,US,1582990311,69,46.73,-117.18,39.99,21.92
446,yarkovo,100,RU,1582990599,79,57.4,67.08,30.54,14.9
447,flinders,99,AU,1582990599,100,-34.58,150.86,70.0,1.12
448,mozarlandia,40,BR,1582990599,74,-14.74,-50.57,83.28,4.81
449,cravo norte,0,CO,1582990599,36,6.3,-70.2,92.07,10.85
450,parrita,20,CR,1582990599,53,9.52,-84.32,77.0,17.22
451,nzerekore,3,GN,1582990599,19,7.76,-8.82,102.94,2.19
452,capreol,75,CA,1582990599,71,46.71,-80.92,10.0,5.82
453,vallenar,0,CL,1582990599,54,-28.57,-70.76,73.44,9.82
454,moron,22,AR,1582990376,61,-34.65,-58.62,91.0,5.82
455,mangan,46,IN,1582990600,74,27.52,88.53,44.92,3.36
456,hay river,75,CA,1582990600,70,60.82,-115.8,-4.0,12.75
457,bukama,98,CD,1582990600,72,-9.2,25.85,82.06,1.52
458,castrovillari,100,IT,1582990600,76,39.82,16.21,45.12,6.89
459,qui nhon,16,VN,1582990398,95,13.77,109.23,69.44,0.89
460,vestmanna,100,FO,1582990601,88,62.16,-7.17,37.4,43.62
461,bay city,1,US,1582990601,53,43.59,-83.89,27.0,12.75
462,poli,75,TZ,1582990601,57,-3.33,36.8,89.6,11.41
463,cacheu,24,GW,1582990601,11,12.27,-16.17,104.0,9.17
464,kerouane,25,GN,1582990601,12,9.27,-9.02,101.73,4.68
465,gizo,92,SB,1582990601,87,-8.1,156.84,77.94,3.15
466,malinyi,94,TZ,1582990602,79,-8.93,36.13,84.63,0.4
467,gat,40,IL,1582990602,63,31.61,34.76,62.6,18.34
468,nha trang,20,VN,1582990348,83,12.25,109.18,78.8,5.82
469,bud,1,US,1582990602,57,39.45,-86.18,28.99,9.17
470,oildale,1,US,1582990602,45,35.42,-119.02,60.01,1.83
471,dingle,46,PH,1582990602,84,11.0,122.67,74.26,10.42
472,vigrestad,75,NO,1582990602,65,58.57,5.7,43.0,27.51
473,karachi,40,PK,1582990602,69,24.91,67.08,77.0,11.41
474,mokhsogollokh,37,RU,1582990603,98,61.47,128.92,-11.11,2.71
475,harper,71,LR,1582990603,84,4.38,-7.72,84.07,6.8
476,tadine,100,NC,1582990603,88,-21.55,167.88,78.96,12.3
477,cascais,40,PT,1582990603,72,38.7,-9.42,62.6,13.87
478,saint-francois,100,FR,1582990603,50,46.42,3.91,57.2,13.87
479,cuamba,90,MZ,1582990603,87,-14.8,36.54,75.2,8.43
480,ixtapa,5,MX,1582990603,73,20.7,-105.2,75.0,4.7
481,tura,72,IN,1582990604,45,25.52,90.22,71.67,4.88
482,ulyanovsk,96,RU,1582990604,69,54.0,48.0,33.8,11.18
483,phuthaditjhaba,89,ZA,1582990604,64,-28.52,28.82,60.49,7.49
484,sao joao da barra,75,BR,1582990604,78,-21.64,-41.05,78.8,4.7
485,grand gaube,75,MU,1582990530,100,-20.01,57.66,79.0,3.36
486,skjervoy,100,NO,1582990604,87,70.03,20.97,29.61,19.86
487,deer lake,75,CA,1582990491,73,49.17,-57.43,24.8,8.05
488,limbang,75,MY,1582990605,88,4.75,115.0,80.6,2.24
489,svetlogorsk,100,BY,1582990605,75,52.63,29.73,35.4,7.56
490,sao jose da coroa grande,1,BR,1582990605,74,-8.9,-35.15,82.42,13.69
491,orlik,100,RU,1582990605,92,52.52,99.83,3.76,5.7
492,hohhot,58,CN,1582990605,46,40.81,111.65,30.2,11.18
493,beruwala,100,LK,1582990605,72,6.48,79.98,80.15,1.72
494,marsh harbour,0,BS,1582990606,55,26.54,-77.06,65.46,23.35
495,muriwai beach,100,NZ,1582990334,88,-36.82,174.45,64.99,6.93
496,khasan,6,RU,1582990606,64,42.43,130.64,27.28,6.31
497,jalu,0,LY,1582990606,23,29.03,21.55,71.42,12.08
498,hervey bay,2,AU,1582990606,88,-25.3,152.85,73.99,8.05
499,imbituba,40,BR,1582990553,69,-28.24,-48.67,78.8,4.7
500,canico,20,PT,1582990606,72,32.63,-16.85,69.01,5.82
501,aviles,75,ES,1582990607,54,43.55,-5.92,60.01,18.34
502,camacha,20,PT,1582990607,68,33.08,-16.33,68.0,14.99
503,barra patuca,62,HN,1582990607,74,15.8,-84.28,78.75,23.09
504,amapa,14,BR,1582990607,52,1.0,-52.0,88.29,4.61
505,porecatu,75,BR,1582990607,57,-22.76,-51.38,78.8,5.82
506,poya,100,NC,1582990607,80,-21.35,165.15,81.52,9.01
507,moratuwa,40,LK,1582990607,74,6.77,79.88,84.2,6.93
508,worksop,20,GB,1582990608,86,53.3,-1.12,45.0,27.51
509,sistranda,20,NO,1582990608,74,63.73,8.83,32.0,8.05
510,ahar,89,IR,1582990608,65,38.48,47.07,40.24,5.06
511,estelle,75,US,1582990608,58,29.85,-90.11,64.0,5.82
512,lahij,0,YE,1582990608,42,13.17,44.58,81.14,10.65
513,te anau,95,NZ,1582990609,80,-45.42,167.72,49.39,7.54
514,longview,1,US,1582990609,61,32.5,-94.74,61.0,11.41
515,qaqortoq,5,GL,1582990609,42,60.72,-46.03,6.8,3.36
516,puerto rondon,55,CO,1582990609,35,6.28,-71.1,91.04,8.75
517,batticaloa,86,LK,1582990609,88,7.71,81.69,73.49,2.35
518,alugan,34,PH,1582990609,77,12.22,125.48,78.42,10.85
519,comodoro rivadavia,0,AR,1582990316,35,-45.87,-67.5,84.2,16.11
520,mzimba,69,MW,1582990609,80,-11.9,33.6,73.18,4.09
521,erzincan,75,TR,1582990610,93,39.75,39.5,37.4,9.17
522,porto novo,20,BJ,1582990610,75,6.5,2.6,89.6,14.99
523,san quintin,72,MX,1582990610,64,30.48,-115.95,60.1,5.12
524,karpathos,40,GR,1582990610,58,35.51,27.21,55.4,35.57
525,soyo,75,AO,1582990610,83,-6.13,12.37,80.6,5.82
526,pachperwa,33,IN,1582990610,53,27.52,82.65,68.25,1.36
527,freeport,1,US,1582990545,37,40.66,-73.58,35.6,10.29
528,bereda,75,ES,1582990610,81,43.27,-7.54,54.0,16.11
529,saint george,1,US,1582990431,64,37.1,-113.58,46.99,3.36
530,plettenberg bay,0,ZA,1582990611,73,-34.05,23.37,68.09,27.29
531,arraias,100,BR,1582990611,85,-12.93,-46.94,78.03,1.83
532,muscat,0,OM,1582990611,69,23.61,58.59,75.2,4.7
533,yar-sale,100,RU,1582990611,87,66.83,70.83,13.24,23.85
534,iskateley,100,RU,1582990611,96,67.68,53.15,22.87,6.17
535,krasnyy chikoy,99,RU,1582990612,96,50.36,108.75,8.49,3.09
536,el tigre,100,VE,1582990366,48,8.89,-64.25,85.95,12.15
537,bambanglipuro,100,ID,1582990612,89,-7.95,110.28,77.94,3.18
538,codrington,100,AU,1582990612,82,-38.27,141.97,60.35,10.16
539,bagdarin,0,RU,1582990612,86,54.43,113.6,1.4,5.01
540,college,1,US,1582990612,73,64.86,-147.8,-29.99,1.97
541,kondinskoye,100,RU,1582990612,82,59.65,67.41,31.5,19.08
542,palmares do sul,0,BR,1582990612,41,-30.26,-50.51,83.39,2.3
543,jimo,90,CN,1582990613,87,36.39,120.46,44.01,4.47
544,arlit,0,NE,1582990613,5,18.74,7.39,94.42,6.55
545,verkhnyaya inta,100,RU,1582990613,73,65.98,60.31,22.41,22.5
546,naze,75,JP,1582990613,93,28.37,129.48,66.2,5.82
547,teguise,20,ES,1582990613,53,29.06,-13.56,73.4,12.75
548,masterton,0,NZ,1582990613,84,-40.96,175.66,54.0,2.37
549,tanout,100,NE,1582990613,6,14.97,8.89,93.61,12.82
